ime,priimek,email,geslo,admin
Admin,Bolha,admin@bolha.si,$2b$12$2fZr49cLET261FOllJmyEuWXRAzPw93UcrQlrvV3kJi/psO4wjjLi,1
ikolaus,Coneybeare,nconeybeare0@mediafire.com,$2b$12$qbfV3Pl9syGUjfApYmmJ3uwe3q2bYOJ37hjBv37bN.0A4YH9oPYtK,0
rier,Tyers,gtyers1@mozilla.org,$2b$12$54.15S62chn0ot3Wy/wmkO7MIRUYHA8XlVQAeLOv5MwWgP0b/hrKC,0
olanda,Shane,eshane2@cloudflare.com,$2b$12$BxkL43nMk3WHAf1Xp6w39.nR3SrLdEYMhaBHo9okIJlT4WuRnp8uu,0
ranz,Dugan,fdugan3@zimbio.com,$2b$12$MqITM0iVQ0MfKTqZOOyqcu4kCp83/5Dmz4szlZTu7d6N6WacT/fq6,0
anean,Yarnton,jyarnton4@blog.com,$2b$12$ItM3SxlbWb4h8X7i0aTpPOImkc6E9Bz3iZP0hVB2uVQnrjE5POfYO,0
athye,Murrish,kmurrish5@dell.com,$2b$12$U9luXOm3pC91l2VUi7No8eluE02z14CCi9IPgjAf1X007mzj6Mlz2,0
illard,Fusco,mfusco6@oaic.gov.au,$2b$12$DTLy402b4mc4Cv9HKu8gtutHLdIKvZbAfshWZYsJg5TTadPs7mnJq,0
ikki,Futcher,rfutcher7@netvibes.com,$2b$12$biOSrXOojXaQIdCTjbedHuuAi/1Np0Bv4FsjjTbyJwDQBKNopIMZC,0
illiard,Haggus,hhaggus8@wikia.com,$2b$12$xawlQy5ry8twOkgz84QeNunpO9tLcJkP8ql5Uy8r1l7HavGejWX5W,0
Paige,Butchers,pbutchers9@nba.com,$2b$12$ic/vSYo4JeXeJauViNjbKOrPiV4u2pMsJoW9qaXDONBEtFYWqxEUi,0
Kellen,Casse,kcassea@chicagotribune.com,$2b$12$RUE333aRf2u9oVnKGM0pgePv6tAVwjgYjwXeLrvJJBL7BrTkxeoi6,0
Christa,Danilishin,cdanilishinb@constantcontact.com,$2b$12$iWcIIovuBymwqwaq4UT2NOZYLwRqEfM747oaK6Ibu6cb0a9VFJixa,0
Alanah,McCormick,amccormickc@edublogs.org,$2b$12$I8lp5mLnDJzCtKm/xUJSyeZByQ8lHhKtMXrglGdtiqqZHbM4yN6sS,0
Cyril,Seid,cseidd@usnews.com,$2b$12$W4/ZlLtjAjm4wTJ/9QZz.uDcos7wD9HqdgmYdhbTfV6ARNbXW9Cle,0
Florri,Frickey,ffrickeye@ucoz.com,$2b$12$iWwAsZ78jDeqfS3.mM27HuwEU2LZFvqbV9/fEawxmC1ksC9QhII1q,0
Pennie,Ladon,pladonf@de.vu,$2b$12$V/kk0wxR2gMu9pn6/uaA1OCGfBCebfoGKZRxNa89e06sLclaywQzO,0
Maynord,Jaram,mjaramg@tripod.com,$2b$12$OnCfMrKthdubk6dL3XrR7OKxT4hGURldoz31kljqAoHyobtz.zKzy,0
Erhard,Armor,earmorh@rambler.ru,$2b$12$jQpwhD5YIblYLankKrgM0e0ccCPbJbeUzQ0Z2age/xwNJkdt1BYXu,0
Tish,Uebel,tuebeli@wordpress.com,$2b$12$P2KXiBxkMBZQZOSg.ErbYeq8DsUucQBYGQkfbmWU6u6.uF19BWIDu,0
Harwilll,Trinder,htrinderj@tmall.com,$2b$12$xSq/J0/EgGxXTokouQlO3uCxHlF0RrHfFzg4xnazfGm0SieJjvd7u,0
Susann,Sherebrook,ssherebrookk@businesswire.com,$2b$12$7I5ZDYEILjW..oeYVZjh5O3hQRZn6FySqYhmXM4PT392R5Oslxvre,0
Robbie,Fonte,rfontel@stumbleupon.com,$2b$12$FCiY8YV3BAKTTkAxFxOUbuWrvLvtmjGzu9QN1WtiWWcLEIFcvPYJ6,0
Leora,Ferrino,lferrinom@xing.com,$2b$12$qgPoNJLPR3gcUWkhBc7QzeltxXmav5aUdZba5TTpyGUgkpeejT0nq,0
Tisha,Domenget,tdomengetn@soundcloud.com,$2b$12$/Q5ZAvuUCVmeYY.Za/K1cuLgmD1/mLLX7cY.SB60Pdeh0t6ckyJrC,0
Obediah,Diffley,odiffleyo@so-net.ne.jp,$2b$12$jxNAqx87qqTUB6bqMRkBm.9wThWh.Xm.gIpTZrve/xgO6.05H4kaq,0
Isobel,Houldin,ihouldinp@barnesandnoble.com,$2b$12$VSYGJ.wpoZeTuAGTsh8gju2OtNTTkTL6SGw0.vr4HmONYy6iX2WRe,0
Levey,Middlewick,lmiddlewickq@netscape.com,$2b$12$26wQToqgRLE/jPqYHHcsuO.ZcUa5kr7R3tVUrv2LKnk/KPn0mUZwW,0
Amii,Renehan,arenehanr@usda.gov,$2b$12$vuBVibEof.xxa3Zkq6AMVuIpvF3YeAoF8SrW6MVc.tbY1cOre3KTu,0
Katalin,D'Agostini,kdagostinis@mysql.com,$2b$12$E0oQAxZZtqHbRxBOh7cz3O57SssimpPw9VWXOkoVmDOg9i08ac3ie,0
Drusy,Boichat,dboichatt@nyu.edu,$2b$12$i8lkdVPL.UQkRW9B/9.NMuGfeoLUBFXuUum6y04XcWixmTWyVaS0K,0
Kassey,Gayle,kgayleu@nba.com,$2b$12$lq1gVBqeBERO1JecnOZnI.YqhXaXtUMlQVpOD1GO.r5HB9TKQU5tK,0
Cristobal,Leguay,cleguayv@weather.com,$2b$12$bwjaZAYjWNmlK9z0jm4M4enPsfhgr40zDRxE065/KGUYE0W8NtkVW,0
Arielle,Sleicht,asleichtw@themeforest.net,$2b$12$m09f4w89TPat8B7nptrkXeaKT1AU/gvP7I6PNnt3WVNr/ne0igqOa,0
Mommy,Morena,mmorenax@google.com.hk,$2b$12$VMiTJUsKvtmFz11yQWYpZOLgtfaNdIRUlHA/h/BL/y27HpkYDHB5q,0
Ezechiel,Neiland,eneilandy@go.com,$2b$12$xY/MGs8sXrLEeqPLn7Z2f.Qn9my8FUNjBo3cX7DjPcUtUnxcAgyhO,0
Hardy,Deamer,hdeamerz@bloglovin.com,$2b$12$NXtNqKD35q7qGOY0FDojgezXO.ohDc1tkezfgS.JI3pdxvOSL8pzy,0
Winni,Eynon,weynon10@jigsy.com,$2b$12$SHszKb1AUHOQ4eI5cxujROZvBtKZVWaiduu/CthUUmCoj31RkRE7S,0
Meier,Tuttiett,mtuttiett11@webs.com,$2b$12$YWpeW2JpIzF9.Bw7TC5kIeTNiQG0ZZLTMU0Jnw6xq3JHhOen0YxR.,0
Melvyn,Cicccitti,mcicccitti12@archive.org,$2b$12$lRf7ETmRVrgNjqesvb0Z6en1tnKszEkPUFq7NZqsvQ3BR5/STYJ4u,0
Nowell,Hirtz,nhirtz13@etsy.com,$2b$12$BxhsJXFeX/EcdkeEj1KWaO20zfZjWP.qPie234aeNiL8y8lYhpogu,0
Magdalene,Chessun,mchessun14@goo.gl,$2b$12$woSLdhnSKqfDtyPu1SA8..0WrUAduAmIASj1Kkl.QrwK1fDTSsEwe,0
Nerti,Heighton,nheighton15@sina.com.cn,$2b$12$UB6Irpm7QPDTU9BclZ4Q/u5DVIigwsoTTRtD67sLd7lEmhPttdF2K,0
Bartel,Boggon,bboggon16@webeden.co.uk,$2b$12$9NhCfm7GjpUFyArqujs.YerqWc5x5Q0keaATLnNnjKFCdTTQMz/SS,0
Abra,Passie,apassie17@buzzfeed.com,$2b$12$cAZYTLAJPAya6BMyq3kv.unHGWdm7/uv6wyQIZGJNjHhLGHoZdolS,0
Orran,McGilvray,omcgilvray18@fda.gov,$2b$12$sCUTsEJn60caixMgPJ8VUODVxBDwsDywfp36jf2j0gd/iIZn8joLK,0
Emelina,Balls,eballs19@dailymotion.com,$2b$12$MF6ebazavR6GRWuwxFjvAeC71Z7Wgiw4D25J4FDWf7EUpKxsk4qcy,0
Lilllie,Livens,llivens1a@microsoft.com,$2b$12$sMCR1exekmoxF.Em5vvmu.X/3DbHF4ejIkW2dwzDc0OMp7KRE3ouu,0
Carey,Whitchurch,cwhitchurch1b@mtv.com,$2b$12$n5z2ez7mr4EwOHRrUajsbu83BzUGaxWH8LCGAvMITejJeWHsPUGTG,0
Gerti,Abrahams,gabrahams1c@youtu.be,$2b$12$WDkjwhcTOjdEodnT7WjTqefvw4FB1nrItesH1pm8aZ0cvKo2TgoHO,0
Bron,Culver,bculver1d@wordpress.org,$2b$12$kOt0pkIkDzQ5jApsSisJGOiYfdkWKfizcgbMAaEGZItnpNiRccjf.,0
